[
  {
    "id": 1,
    "name": "Product 1",
    "image": 	"https://fakestoreapi.com/img/81Zt42ioCgL._AC_SX679_.jpg",
    "price": 199,
    "category": "Electronics",
    "stock": 20,
    "tags": [
      "Gadget",
      "Tech"
    ],
    "rating": 4.5,
    "seller": "Seller 1",
    "description": "High-quality electronic gadget."
  },
  {
    "id": 2,
    "name": "Product 2",
    "image": "https://fakestoreapi.com/img/71HblAHs5xL._AC_UY879_-2.jpg",
    "price": 449,
    "category": "Fashion",
    "stock": 15,
    "tags": [
      "Clothing"
    ],
    "rating": 4.5,
    "seller": "Seller 2",
    "description": "Stylish and comfortable clothing."
  },
  {
    "id": 3,
    "name": "Product 3",
    "image": "https://fakestoreapi.com/img/81fPKd-2AYL._AC_SL1500_.jpg",
    "price": 99,
    "category": "Daily Needs",
    "stock": 15,
    "tags": [
      "Grocery"
    ],
    "rating": 4.0,
    "seller": "Seller 2",
    "description": "Essential daily needs items."
  },
  {
    "id": 4,
    "name": "Product 4",
    "image":"https://fakestoreapi.com/img/71pWzhdJNwL._AC_UL640_QL65_ML3_.jpg",
    "price": 149,
    "category": "Food",
    "stock": 15,
    "tags": [
      "Food"
    ],
    "rating": 4.0,
    "seller": "Seller 3",
    "description": "24K Silver Ring"
  },
  {
    "id": 5,
    "name": "Product 5",
    "image":"https://fakestoreapi.com/img/61sbMiUnoGL._AC_UL640_QL65_ML3_.jpg",
    "price": 299,
    "category": "Electronics",
    "stock": 15,
    "tags": [
      "Gadget",
      "Tech"
    ],
    "rating": 4.5,
    "seller": "Seller 1",
    "description": "24K Silver Ring"
  },
  {
    "id": 6,
    "name": "Product 6",
    "image": "https://fakestoreapi.com/img/61U7T1koQqL._AC_SX679_.jpg",
    "price": 199,
    "category": "Fashion",
    "stock": 15,
    "tags": [
      "Clothing"
    ],
    "rating": 4.5,
    "seller": "Seller 2",
    "description": "Best SSD "
  },
  {
    "id": 7,
    "name": "Product 7",
    "image": "https://fakestoreapi.com/img/61mtL65D4cL._AC_SX679_.jpg",
    "price": 99,
    "category": "Daily Needs",
    "stock": 15,
    "tags": [
      "Grocery"
    ],
    "rating": 4.0,
    "seller": "Seller 2",
    "description": "Electronic Item"
  },
  {
    "id": 8,
    "name": "Product 8",
    "image": "https://fakestoreapi.com/img/81QpkIctqPL._AC_SX679_.jpg",
    "price": 149,
    "category": "Food",
    "stock": 15,
    "tags": [
      "Food"
    ],
    "rating": 4.0,
    "seller": "Seller 3",
    "description": "15.5 inc Desktop"
  },
  {
    "id": 9,
    "name": "Product 9",
    "image": 	"https://fakestoreapi.com/img/51Y5NI-I5jL._AC_UX679_.jpg",
    "price": 299,
    "category": "Electronics",
    "stock": 15,
    "tags": [
      "Gadget",
      "Tech"
    ],
    "rating": 4.2,
    "seller": "Seller 1",
    "description": "Winter Women Jacket"
  },
  {
    "id": 10,
    "name": "Product 10",
    "image": "https://fakestoreapi.com/img/61pHAEJ4NML._AC_UX679_.jpg",
    "price": 199,
    "category": "Fashion",
    "stock": 15,
    "tags": [
      "Clothing"
    ],
    "rating": 4.4,
    "seller": "Seller 2",
    "description": "Stylish and comfortable clothing."
  },
  {
    "id": 11,
    "name": "Product 12",
    "image": 	"https://fakestoreapi.com/img/71-3HjGNDUL._AC_SY879._SX._UX._SY._UY_.jpg",
    "price": 399,
    "category": "Fashion",
    "stock": 15,
    "tags": [
      "Clothing"
    ],
    "rating": 4.5,
    "seller": "Seller 2",
    "description": "Stylish and comfortable clothing."
  },
  {
    "id": 12,
    "name": "Product 12",
    "image": 	"https://fakestoreapi.com/img/71kWymZ+c+L._AC_SX679_.jpg",
    "price": 599,
    "category": "Fashion",
    "stock": 15,
    "tags": [
      "Clothing"
    ],
    "rating": 4.7,
    "seller": "Seller 2",
    "description": "Exeternal SSD "
  }


]